filename,orig,label,class_name,screen_type,moire_max,moire_mean,moire_p90,hf_ratio,banding,lbp_entropy,wb_rg,wb_bg,colorfulness,sat_mean,sat_std,sat_skew,val_mean,glare_frac,clip_frac,residual_std,residual_kurt
real_0001.jpeg,WhatsApp Image 2026-06-30 at 04.30.40.jpeg,0,real,na,9.826486265308045,7.188173478174688,9.298823707881374,0.3648845973267614,90.82853698730469,4.190364630321249,1.014082431793213,0.9707784652709961,18.702247619628906,31.9403133392334,38.06671142578125,0.9773868322372437,165.56336975097656,0.0,0.0,5.194294452667236,14.694377899169922
real_0002.jpeg,WhatsApp Image 2026-06-30 at 04.30.41 (1).jpeg,0,real,na,13.522185084537938,11.785199107937917,13.174787889217933,0.415295645691445,101.33091735839844,4.622225369251646,1.0980117321014404,0.8693024516105652,28.834470748901367,46.156612396240234,36.411800384521484,0.56243497133255,116.57955932617188,0.0012766520182291667,0.004755655924479167,9.269442558288574,43.1196174621582
real_0003.jpeg,WhatsApp Image 2026-06-30 at 04.30.41 (2).jpeg,0,real,na,16.3436587774036,12.349681960908352,15.544863414104551,0.2824879069032183,140.39869689941406,6.102037281781557,1.968169927597046,1.1309720277786255,92.01866912841797,117.612060546875,63.4746208190918,0.0905623510479927,140.99388122558594,0.00018310546875,0.0996975368923611,3.310030937194824,97.83918762207031
real_0004.jpeg,WhatsApp Image 2026-06-30 at 04.30.41.jpeg,0,real,na,25.207264862363445,19.200888528109708,24.0059895955127,0.7431727120732637,56.32020568847656,5.9012887783377845,1.0707625150680542,0.950038492679596,18.092792510986328,43.47813415527344,47.09661102294922,1.545493721961975,154.38169860839844,0.0,0.0,15.121613502502441,15.729314804077148
real_0005.jpeg,WhatsApp Image 2026-06-30 at 04.30.42 (1).jpeg,0,real,na,5.379216995663413,4.799178450994326,5.263209286729595,0.5397263173262521,107.75654602050781,6.444108709685919,1.1143951416015625,0.7671501636505127,51.86509704589844,91.20917510986328,85.45738983154297,0.527892529964447,130.4485321044922,0.0002644856770833333,0.0003763834635416667,12.704020500183105,14.43038558959961
real_0006.jpeg,WhatsApp Image 2026-06-30 at 04.30.42 (2).jpeg,0,real,na,15.461031408109966,10.123067215948224,14.393438569677617,0.4745856578483001,100.22742462158203,5.713250702477028,0.9872795343399048,1.0210561752319336,23.015228271484375,43.87179946899414,39.8854866027832,0.5529988408088684,142.95448303222656,5.086263020833333e-06,0.0003865559895833333,7.338200569152832,34.78672409057617
real_0007.jpeg,WhatsApp Image 2026-06-30 at 04.30.42.jpeg,0,real,na,6.292106185512975,5.35109366037568,6.103903680485516,0.6138220172861412,93.88725280761719,6.836289050145041,1.083438754081726,0.916246771812439,25.167112350463867,47.53132247924805,22.547956466674805,0.06727103888988495,141.08056640625,1.0172526041666666e-05,5.086263020833333e-06,21.8227481842041,2.226940155029297
real_0008.jpeg,WhatsApp Image 2026-06-30 at 04.30.43 (1).jpeg,0,real,na,5.832353545758367,5.538470816333468,5.773576999873387,0.37990032154797426,68.9893569946289,6.814041079577134,1.0609022378921509,0.714290976524353,58.34739303588867,108.07067108154297,49.93349075317383,0.9709161520004272,110.3370590209961,0.0,0.0002492268880208333,15.22397232055664,3.2999520301818848
real_0009.jpeg,WhatsApp Image 2026-06-30 at 04.30.43 (2).jpeg,0,real,na,8.160530886500508,7.8464510216244605,8.097714913525298,0.25258322211571355,56.1846923828125,6.626795039202482,0.9615640044212341,0.4572817087173462,48.52168273925781,160.17164611816406,47.18983459472656,-0.08989494293928146,114.29975128173828,0.00042724609375,0.006963094075520833,12.872776985168457,5.945684432983398
real_0010.jpeg,WhatsApp Image 2026-06-30 at 04.30.43 (3).jpeg,0,real,na,10.995243310793418,10.315069519381343,10.859208552511003,0.7139251513628703,60.109859466552734,5.671736484167039,1.0237287282943726,0.9513095021247864,43.8570671081543,51.84165573120117,47.083763122558594,1.0419949293136597,160.25575256347656,0.004521687825520833,0.0316619873046875,8.06557559967041,36.88340759277344
real_0011.jpeg,WhatsApp Image 2026-06-30 at 04.30.43.jpeg,0,real,na,13.436638454842488,12.761417228705518,13.301594209615093,0.6410003684123682,100.23377227783203,6.049287952358485,1.1433069705963135,1.0070220232009888,39.22296905517578,36.29921340942383,43.35673141479492,1.519986867904663,130.52197265625,0.0,0.001495361328125,10.238801956176758,14.313812255859375
real_0012.jpeg,WhatsApp Image 2026-06-30 at 04.30.44 (1).jpeg,0,real,na,8.776680098251433,6.703574334963076,8.36205894559376,0.46578254733961877,66.06327056884766,6.30082951875266,1.1226621866226196,0.8518063426017761,38.386878967285156,65.9302749633789,52.078983306884766,1.5043177604675293,141.6793975830078,0.0,0.0020751953125,10.553933143615723,8.561924934387207
real_0013.jpeg,WhatsApp Image 2026-06-30 at 04.30.44 (2).jpeg,0,real,na,9.460873864066976,7.233676024221772,9.015434296097935,0.3040063908401552,64.0247573852539,5.488640429896118,0.9976212382316589,0.9717285633087158,48.93011474609375,50.22148513793945,54.64514923095703,1.3103960752487183,152.00025939941406,0.00016276041666666666,0.012898763020833334,6.224367141723633,24.0301570892334
real_0014.jpeg,WhatsApp Image 2026-06-30 at 04.30.44.jpeg,0,real,na,51.27225496765763,32.73882283428068,47.56556854098224,0.1696553760468195,85.02500915527344,3.8104677995538765,0.9074496626853943,1.1310060024261475,14.388754844665527,50.8673210144043,11.982131004333496,7.8263959884643555,180.6127166748047,0.0,2.5431315104166668e-05,2.3687515258789062,95.08735656738281
real_0015.jpeg,WhatsApp Image 2026-06-30 at 04.30.45 (1).jpeg,0,real,na,27.768201189615127,19.506140542097864,26.115789060111673,0.559041636097328,87.4886703491211,6.335627005976978,0.8987528085708618,1.1707758903503418,44.953636169433594,76.58686065673828,50.685359954833984,0.07249578833580017,138.6348114013672,0.0006866455078125,0.0024871826171875,17.55057144165039,2.3886919021606445
real_0016.jpeg,WhatsApp Image 2026-06-30 at 04.30.45 (2).jpeg,0,real,na,8.555669844824282,6.363949610950963,8.117325798049619,0.5101777649284119,80.01908874511719,5.183938374859885,1.047494649887085,0.9564104080200195,16.851398468017578,43.412166595458984,42.30073165893555,0.7620178461074829,139.79783630371094,0.0,0.009480794270833334,10.923773765563965,11.28457260131836
real_0017.jpeg,WhatsApp Image 2026-06-30 at 04.30.45.jpeg,0,real,na,17.1750137264149,11.99059920195626,16.138130821523173,0.5026670046822027,83.23861694335938,5.1508277372688624,1.0697704553604126,0.9314716458320618,27.21050262451172,53.36824417114258,41.94690704345703,0.7483875155448914,147.74697875976562,0.0,0.01214599609375,11.126432418823242,15.446504592895508
real_0018.jpeg,WhatsApp Image 2026-06-30 at 04.30.46 (1).jpeg,0,real,na,16.531871481953115,11.31458229327692,15.488413644217875,0.5265110304750604,86.44169616699219,5.137940806962945,1.021608591079712,0.9626283049583435,11.156566619873047,15.413508415222168,15.830933570861816,1.5227725505828857,159.8267059326172,0.0,0.0,11.43095874786377,13.29513168334961
real_0019.jpeg,WhatsApp Image 2026-06-30 at 04.30.46 (2).jpeg,0,real,na,5.011177129601295,3.3709054194091346,4.683122787562863,0.4727346169487348,89.031982421875,4.626851781114354,1.0374351739883423,0.9518775343894958,17.641496658325195,32.8005256652832,36.90735626220703,2.6001980304718018,151.5247802734375,1.52587890625e-05,0.009760538736979166,9.174676895141602,30.301441192626953
real_0020.jpeg,WhatsApp Image 2026-06-30 at 04.30.46.jpeg,0,real,na,7.1582388983573075,6.6117037528182365,7.048931869249493,0.3624075604310337,131.07228088378906,5.9335976621166715,1.1849700212478638,0.6788606643676758,71.07941436767578,143.03619384765625,66.03060913085938,-0.23824182152748108,129.28196716308594,0.0,0.053232828776041664,5.484264850616455,31.805938720703125
real_0021.jpeg,WhatsApp Image 2026-06-30 at 04.36.20.jpeg,0,real,na,11.876901231411185,9.778038767563682,11.457128738641686,0.7013676421649694,91.43265533447266,4.111750633363931,0.765802264213562,1.1912671327590942,39.01510238647461,94.40496826171875,36.63039779663086,-0.11130762100219727,147.80613708496094,0.0,0.0,6.778717041015625,56.65794372558594
real_0022.jpeg,WhatsApp Image 2026-06-30 at 04.36.21 (1).jpeg,0,real,na,9.178387937303182,7.008694882757473,8.74444932639404,0.6759551683024989,83.8509292602539,5.53958831788303,0.8428299427032471,1.133400559425354,43.69956970214844,67.57415771484375,32.728878021240234,-0.34623467922210693,150.49525451660156,1.0172526041666666e-05,0.007954915364583334,15.136167526245117,10.105854988098145
real_0023.jpeg,WhatsApp Image 2026-06-30 at 04.36.21.jpeg,0,real,na,13.039698641741145,11.006217579325721,12.63300242925806,0.3056980904658092,151.05758666992188,3.2515824579464296,0.9959937334060669,1.198659062385559,15.541566848754883,61.53787612915039,39.556785583496094,0.5877906680107117,87.58649444580078,7.62939453125e-05,0.00017801920572916666,3.8035967350006104,273.8020935058594
real_0024.jpeg,WhatsApp Image 2026-06-30 at 04.36.22 (1).jpeg,0,real,na,14.802896177207515,11.895169119457325,14.221350765657478,0.598784804258072,88.91386413574219,6.3799859218830255,1.0376245975494385,1.138868808746338,47.69892120361328,62.4857292175293,56.977054595947266,1.176615595817566,111.80399322509766,0.036219278971354164,0.040974934895833336,14.726211547851562,7.921060562133789
real_0025.jpeg,WhatsApp Image 2026-06-30 at 04.36.22 (2).jpeg,0,real,na,7.874815579151719,7.852073540598077,7.870267171440991,0.44145239857090823,131.4636993408203,6.462265045572067,1.0746774673461914,0.8703817129135132,53.259010314941406,77.41825103759766,50.856971740722656,0.4623427093029022,144.37493896484375,0.0015614827473958333,0.013437906901041666,9.407520294189453,9.488633155822754
real_0026.jpeg,WhatsApp Image 2026-06-30 at 04.36.22.jpeg,0,real,na,7.832276330918191,6.719978885046723,7.609816841743897,0.5729995194143257,69.9998779296875,6.522905458705546,1.0876927375793457,0.939314067363739,48.96138000488281,63.075496673583984,51.659828186035156,0.9099615812301636,142.13299560546875,0.0034281412760416665,0.013849894205729166,9.703577041625977,14.234565734863281
real_0027.jpeg,WhatsApp Image 2026-06-30 at 04.36.23 (1).jpeg,0,real,na,16.931540990783947,12.859959687490111,16.11722473012518,0.27126692732512175,92.68879699707031,5.6164592966080775,1.3785711526870728,1.0603994131088257,48.64955520629883,104.0961685180664,70.78668975830078,0.25897619128227234,102.91790771484375,0.0009765625,0.0014241536458333333,7.009016036987305,33.13706970214844
real_0028.jpeg,WhatsApp Image 2026-06-30 at 04.36.23 (2).jpeg,0,real,na,5.453268306002353,5.165376422437685,5.39568992928942,0.44236927338942367,64.8463134765625,5.325550645579558,1.0081079006195068,0.9966357350349426,23.458574295043945,38.30384826660156,26.55369758605957,1.5530654191970825,126.288330078125,0.0011850992838541667,0.0033111572265625,6.157793045043945,39.24388122558594
real_0029.jpeg,WhatsApp Image 2026-06-30 at 04.36.23 (3).jpeg,0,real,na,4.699792412705102,4.685355548995528,4.696905039963187,0.5095509699403147,150.83035278320312,6.584324919398068,1.3104804754257202,0.8828577995300293,67.27364349365234,103.94878387451172,55.529701232910156,0.1426769644021988,119.43780517578125,0.0027821858723958335,0.059992472330729164,12.01495361328125,7.246854782104492
real_0030.jpeg,WhatsApp Image 2026-06-30 at 04.36.23.jpeg,0,real,na,8.40821204859753,7.5608639498721235,8.238742428852449,0.49467470883868725,107.03594207763672,6.578110928908951,1.058587670326233,1.0563892126083374,46.964637756347656,43.608062744140625,49.076969146728516,2.102397918701172,138.36997985839844,5.086263020833333e-06,4.57763671875e-05,8.849411010742188,11.883584976196289
real_0031.jpeg,WhatsApp Image 2026-06-30 at 04.36.24 (1).jpeg,0,real,na,7.792909468441733,6.64308140655074,7.5629438560635345,0.43090780057023326,89.7519302368164,6.715975805783286,0.906114935874939,1.0925837755203247,30.204063415527344,44.896785736083984,43.321800231933594,1.165231466293335,148.23019409179688,0.0,0.00017293294270833334,8.764131546020508,10.365757942199707
real_0032.jpeg,WhatsApp Image 2026-06-30 at 04.36.24.jpeg,0,real,na,15.690140677589756,10.147096314880148,14.581531805047835,0.4218376657719395,75.24147033691406,6.202234379454943,1.1582478284835815,0.9032664895057678,24.568218231201172,58.42823791503906,43.57007598876953,0.4469550549983978,103.531494140625,0.0,0.0008036295572916666,12.364042282104492,10.192801475524902
real_0033.jpeg,WhatsApp Image 2026-06-30 at 05.07.42.jpeg,0,real,na,24.694504431280407,19.41299048870972,21.43377338468431,0.29211012115853235,122.8358154296875,5.765980800584847,1.0630284547805786,0.7676016092300415,8.262073516845703,76.4696273803711,23.04242515563965,0.3805738091468811,36.72099304199219,3.0517578125e-05,3.0517578125e-05,0.39803609251976013,26.775983810424805
real_0034.jpeg,WhatsApp Image 2026-06-30 at 05.07.43.jpeg,0,real,na,23.364314544827145,9.259347169967421,16.20043234755434,0.306010606608113,148.95083618164062,4.722197931723638,1.0408090353012085,0.9260333776473999,13.044933319091797,30.060272216796875,35.719017028808594,1.1521735191345215,61.289703369140625,0.005366007486979167,0.007868448893229166,2.446354389190674,313.5323486328125
real_0035.jpeg,WhatsApp Image 2026-06-30 at 05.07.44.jpeg,0,real,na,16.342821614846663,11.593407006231411,13.729967678731692,0.294478727155303,105.53861236572266,6.406116285756229,1.1675254106521606,0.8471935391426086,19.641048431396484,71.433349609375,36.18766403198242,-0.019245091825723648,85.35733795166016,0.0,0.0,1.4932855367660522,79.57164764404297
real_0036.jpeg,WhatsApp Image 2026-06-30 at 05.07.45.jpeg,0,real,na,13.212411299065282,9.42777653179345,12.456600055269494,0.41443662587077534,86.98297119140625,6.637255405378823,1.0591061115264893,0.8884114027023315,26.11860466003418,60.12874221801758,39.743682861328125,0.6595733761787415,105.7230224609375,0.007746378580729167,0.014643351236979166,4.589125633239746,23.07246208190918
real_0037.jpeg,WhatsApp Image 2026-06-30 at 05.07.48.jpeg,0,real,na,27.556443831428766,22.91787806811276,27.11764098055629,0.29908400155404236,106.447998046875,5.733307871089232,0.9886881113052368,0.9725423455238342,4.605014324188232,7.251195430755615,6.8567633628845215,9.042156219482422,150.99879455566406,0.0,0.0,1.295719027519226,21.989774703979492
real_0038.jpeg,WhatsApp Image 2026-06-30 at 05.07.49 (1).jpeg,0,real,na,12.773150749174357,9.660788871229062,12.24513915609724,0.19931641289810084,175.35641479492188,6.2638091206940025,1.1122852563858032,0.9483102560043335,54.411502838134766,72.6004638671875,36.27197265625,0.3419859707355499,134.8686981201172,0.0017649332682291667,0.040313720703125,3.147420883178711,20.8983097076416
real_0039.jpeg,WhatsApp Image 2026-06-30 at 05.07.49.jpeg,0,real,na,15.951299634949349,10.488776499357568,13.941210089816712,0.31398448727284384,53.86730194091797,6.500545911513485,0.9972872734069824,0.9944337606430054,20.948657989501953,33.5026969909668,31.45671844482422,1.6914981603622437,142.1320037841797,0.0021616617838541665,0.007568359375,12.828947067260742,6.389068603515625
real_0040.jpeg,WhatsApp Image 2026-06-30 at 05.07.53 (1).jpeg,0,real,na,16.567169023201608,10.670802413581916,13.561744337527415,0.4748514708132566,37.1071662902832,5.819354335529894,1.3697395324707031,0.8416268825531006,54.98127746582031,89.57486724853516,51.33745574951172,-0.2667155861854553,104.03265380859375,0.0019022623697916667,0.004567464192708333,3.8200509548187256,55.3699836730957
real_0041.jpeg,WhatsApp Image 2026-06-30 at 05.07.53.jpeg,0,real,na,16.92538395413077,11.674233934848035,15.347436849089394,0.20897083882323791,122.85242462158203,5.559917436657992,1.0904781818389893,0.983238697052002,37.93913269042969,53.262630462646484,46.517250061035156,1.3617326021194458,79.96221160888672,0.000152587890625,0.0020955403645833335,2.388617992401123,44.83030700683594
real_0042.jpeg,WhatsApp Image 2026-06-30 at 05.07.54 (1).jpeg,0,real,na,28.214480239301025,14.561422373944795,19.87155567712649,0.2253244656498222,199.89857482910156,5.4698325568203074,1.199743628501892,0.8349472284317017,40.55187225341797,81.55904388427734,65.15813446044922,0.23961421847343445,103.85098266601562,0.0,0.00013224283854166666,3.8011019229888916,87.67630004882812
real_0043.jpeg,WhatsApp Image 2026-06-30 at 05.07.54 (2).jpeg,0,real,na,37.58598852010417,14.741921827209069,27.936832834203017,0.3685660645827086,154.88790893554688,6.701453667944982,1.032185673713684,0.9358183741569519,34.25596618652344,35.29763412475586,38.491600036621094,1.2001402378082275,181.1531524658203,0.001800537109375,0.008397420247395834,5.907923698425293,3.4432878494262695
real_0044.jpeg,WhatsApp Image 2026-06-30 at 05.07.54 (3).jpeg,0,real,na,28.10167870461217,12.894055537302057,24.539579121301887,0.28913492918312944,117.7166748046875,5.992272083755201,1.0745518207550049,1.0400811433792114,35.340396881103516,44.87478256225586,48.228511810302734,1.4522184133529663,121.34051513671875,0.028574625651041668,0.028147379557291668,2.621706485748291,160.4174346923828
real_0045.jpeg,WhatsApp Image 2026-06-30 at 05.07.54.jpeg,0,real,na,15.271686036490781,8.419951778557316,11.312299307491093,0.35656672410055684,85.41948699951172,5.751760322123417,1.0541396141052246,0.9682776927947998,7.6786885261535645,27.9238338470459,38.97581481933594,1.7827664613723755,31.914979934692383,0.0,0.0,3.4139556884765625,32.683284759521484
real_0046.jpeg,WhatsApp Image 2026-06-30 at 05.07.55 (1).jpeg,0,real,na,11.61042541518074,7.760899916223849,10.718076620725226,0.39822397138998744,68.23373413085938,6.16179912506437,0.6894422173500061,1.8686585426330566,56.82065200805664,195.42808532714844,39.782196044921875,-1.447353720664978,65.54627990722656,0.0,0.0004323323567708333,6.702431678771973,17.4838809967041
real_0047.jpeg,WhatsApp Image 2026-06-30 at 05.07.55 (2).jpeg,0,real,na,18.71504456166976,11.74459901990308,15.330918448711246,0.3196731733035126,41.8775520324707,6.277646558974965,0.14536117017269135,1.654463291168213,101.07886505126953,235.8826141357422,43.53535842895508,-3.104360580444336,141.40574645996094,9.1552734375e-05,0.007512410481770833,2.2560977935791016,24.125972747802734
real_0048.jpeg,WhatsApp Image 2026-06-30 at 05.07.55.jpeg,0,real,na,25.01581330004576,15.978284707537307,23.965585365162827,0.34367490398117556,143.30999755859375,5.466963466821479,1.0514973402023315,1.4249716997146606,66.98108673095703,132.5441131591797,54.8466682434082,-0.6085920929908752,95.51398468017578,0.0,0.02545166015625,6.470471382141113,38.46894454956055
real_0049.jpeg,WhatsApp Image 2026-06-30 at 05.07.56 (1).jpeg,0,real,na,12.168305604912003,7.844970818571664,10.902017397490118,0.39076292659914835,153.41082763671875,6.883574278986975,1.0419541597366333,0.9438556432723999,17.645994186401367,23.855356216430664,24.742473602294922,1.6932121515274048,144.60166931152344,0.0,0.013132731119791666,7.508445739746094,5.504229545593262
real_0050.jpeg,WhatsApp Image 2026-06-30 at 05.07.56.jpeg,0,real,na,9.676422926753077,7.0916696794268725,8.192495787368099,0.4191209329746483,125.14160919189453,6.882211277552004,1.0213443040847778,0.8752013444900513,25.80716896057129,39.422332763671875,22.912687301635742,0.6589102745056152,137.47198486328125,0.0022074381510416665,0.0025482177734375,17.074478149414062,4.4247307777404785
screen_hp_0001.jpeg,WhatsApp Image 2026-06-30 at 05.04.12.jpeg,1,screen,hp,7.42989728715823,7.42989728715823,7.42989728715823,0.4279698463982952,58.394630432128906,5.741977874693626,0.5940054655075073,1.561969518661499,68.57723999023438,156.73939514160156,35.57746124267578,-0.8278838396072388,186.6750030517578,0.0,0.027298328488372093,12.541043281555176,7.473555564880371
screen_hp_0002.jpeg,WhatsApp Image 2026-06-30 at 05.04.15 (1).jpeg,1,screen,hp,8.060354333312915,7.900466514218445,8.028376769494022,0.2229465290988282,147.44198608398438,5.54383779618461,1.0095250606536865,1.2085329294204712,50.027488708496094,81.13166046142578,59.781700134277344,0.940226674079895,102.96808624267578,0.0,0.0,2.3718974590301514,24.259008407592773
screen_hp_0003.jpeg,WhatsApp Image 2026-06-30 at 05.04.15.jpeg,1,screen,hp,8.620574215655404,8.620574215655404,8.620574215655404,0.317460217952301,64.58062744140625,6.149070709228839,0.8560101985931396,1.416207194328308,39.43537139892578,101.30668640136719,25.238496780395508,-0.20712587237358093,171.31845092773438,0.0,0.001428763854679803,3.8516783714294434,31.37015151977539
screen_hp_0004.jpeg,WhatsApp Image 2026-06-30 at 05.04.16 (1).jpeg,1,screen,hp,100.39482527164934,63.59257810101417,96.47163025736984,0.29142092278484616,50.28200912475586,5.968411770880476,1.1085654497146606,1.039867639541626,26.80443572998047,49.82307815551758,42.79616928100586,0.9123246073722839,104.45584869384766,0.0,0.0,5.959748268127441,7.609133720397949
screen_hp_0005.jpeg,WhatsApp Image 2026-06-30 at 05.04.16 (2).jpeg,1,screen,hp,36.980835014827456,23.930165416038676,35.77507079798656,0.258008292932347,100.35869598388672,6.27235323086025,1.1098556518554688,1.552478313446045,51.61798095703125,113.98067474365234,32.451114654541016,-0.1523488163948059,146.716796875,0.0,0.016428629557291668,1.5092356204986572,22.767263412475586
screen_hp_0006.jpeg,WhatsApp Image 2026-06-30 at 05.04.16.jpeg,1,screen,hp,15.720249679536634,10.455486751339732,14.218651931454485,0.24093673363011692,46.22554397583008,5.0044368992979695,1.0156806707382202,1.2114719152450562,10.535796165466309,71.18936157226562,37.308677673339844,-0.10127107799053192,77.76228332519531,0.0,0.0,0.3321535885334015,80.91568756103516
screen_hp_0007.jpeg,WhatsApp Image 2026-06-30 at 05.04.17 (1).jpeg,1,screen,hp,210.95138519535004,86.1833108459122,155.80386485310547,0.3428305075063148,113.50199890136719,5.810304631197208,0.9584335684776306,1.0514856576919556,30.050758361816406,50.810211181640625,41.832279205322266,0.9892376065254211,87.9291000366211,0.0,0.0,5.091854572296143,8.423988342285156
screen_hp_0008.jpeg,WhatsApp Image 2026-06-30 at 05.04.17 (2).jpeg,1,screen,hp,144.40278297027913,72.38777207481517,124.74733630994649,0.23296745064533333,57.64170455932617,6.048091750709467,1.0338919162750244,1.1129956245422363,18.816116333007812,44.857242584228516,27.41337013244629,0.5022274851799011,110.80089569091797,5.086263020833333e-06,0.000640869140625,4.798962593078613,6.203290939331055
screen_hp_0009.jpeg,WhatsApp Image 2026-06-30 at 05.04.17.jpeg,1,screen,hp,271.2158384314981,176.1545737970268,266.7976287577208,0.26132063286514967,88.72100830078125,6.2232353220455785,0.9994796514511108,1.2411353588104248,30.181625366210938,59.201351165771484,36.71461868286133,0.682151734828949,103.49365234375,0.0,0.0005544026692708334,5.091718673706055,9.143858909606934
screen_hp_0010.jpeg,WhatsApp Image 2026-06-30 at 05.04.18 (1).jpeg,1,screen,hp,303.6476953238772,91.20093343252677,221.05313703723192,0.2556211277605625,133.2079315185547,5.90383341870045,1.0324536561965942,1.2793455123901367,49.50869369506836,87.76744842529297,46.39778518676758,0.26740097999572754,113.73241424560547,0.0,0.0017801920572916667,4.749969959259033,13.09538459777832
screen_hp_0011.jpeg,WhatsApp Image 2026-06-30 at 05.04.18 (2).jpeg,1,screen,hp,1000.0180177237962,473.46372933148604,857.4446568248941,0.4004125446622037,71.98159790039062,6.249958664615854,0.8559324145317078,1.3388622999191284,46.115478515625,84.74274444580078,60.76759719848633,0.4231022298336029,103.78759002685547,0.0,0.0,10.330665588378906,4.361693859100342
screen_hp_0012.jpeg,WhatsApp Image 2026-06-30 at 05.04.18.jpeg,1,screen,hp,292.2672665206685,127.6646159036327,209.22317820842818,0.3996471009492918,82.47908782958984,6.328779105712709,0.9782153367996216,1.1348021030426025,23.23075294494629,43.202823638916016,31.17144012451172,0.6136212944984436,102.3529281616211,0.0,0.0,13.062023162841797,1.4896621704101562
screen_mac_0001.jpeg,WhatsApp Image 2026-06-30 at 05.14.07 (1).jpeg,1,screen,mac,13.898704329710593,13.898704329710593,13.898704329710593,0.23188907710975318,106.18010711669922,6.153644952508371,1.262976050376892,0.8896605968475342,25.8885498046875,76.11837768554688,29.2210636138916,0.13900704681873322,116.13253021240234,0.0,0.0,4.037403583526611,8.283907890319824
screen_mac_0002.jpeg,WhatsApp Image 2026-06-30 at 05.14.07.jpeg,1,screen,mac,10.19312460016303,10.19312460016303,10.19312460016303,0.2661250974420728,40.86922836303711,6.158605578834498,1.1564947366714478,0.9120370745658875,30.098064422607422,54.460575103759766,32.64644241333008,0.6240558624267578,155.1837921142578,2.2194602272727273e-05,0.00044944069602272725,6.022871494293213,9.077616691589355
screen_mac_0003.jpeg,WhatsApp Image 2026-06-30 at 05.14.17.jpeg,1,screen,mac,38.2270189085959,38.2270189085959,38.2270189085959,0.3237007778983476,62.5550422668457,5.446630690221374,1.2572864294052124,0.9861837029457092,56.828636169433594,68.52434539794922,36.11379623413086,0.27903857827186584,141.38916015625,1.851303317535545e-05,0.007465380627962086,6.966681003570557,20.968732833862305
screen_mac_0004.jpeg,WhatsApp Image 2026-06-30 at 05.14.18.jpeg,1,screen,mac,29.19866764475196,21.495627307205766,26.96836216607965,0.24045695870154973,173.74343872070312,5.31654630455774,1.046521544456482,0.989980936050415,17.99054718017578,34.21270751953125,29.755937576293945,1.247272253036499,92.9968032836914,0.0,0.0,0.47682517766952515,30.61019515991211
screen_mac_0005.jpeg,WhatsApp Image 2026-06-30 at 05.14.19 (1).jpeg,1,screen,mac,28.394964421723877,21.155148691847266,24.06999921760577,0.33009811628554214,91.34805297851562,5.3625064848689155,1.0244935750961304,1.0096462965011597,20.184118270874023,47.535709381103516,34.76742172241211,0.79780513048172,94.93448638916016,0.0,0.0,0.3956868648529053,21.53312873840332
screen_mac_0006.jpeg,WhatsApp Image 2026-06-30 at 05.14.19 (2).jpeg,1,screen,mac,28.372791075197462,21.674828182125953,25.250974185848197,0.36963353090576306,82.6082763671875,5.250523917881724,1.0043177604675293,0.9889956712722778,4.439892768859863,4.85638952255249,10.360562324523926,6.275580406188965,141.6311492919922,0.0,0.0,0.5078345537185669,17.56547737121582
screen_mac_0007.jpeg,WhatsApp Image 2026-06-30 at 05.14.19.jpeg,1,screen,mac,21.424559218002624,13.997143587332772,19.106069051821176,0.30653496918047085,110.23540496826172,6.155653792881344,1.0520260334014893,0.9845036864280701,11.744949340820312,29.267465591430664,20.092609405517578,0.22723796963691711,77.43949890136719,0.0,0.0,2.6343276500701904,72.39762878417969
screen_mac_0008.jpeg,WhatsApp Image 2026-06-30 at 05.14.20 (1).jpeg,1,screen,mac,400.65192915665506,180.72775063970641,397.2757796015956,0.34460452643633094,74.35961151123047,5.930537606621557,0.9830676913261414,1.4560319185256958,90.85657501220703,118.33319091796875,66.18124389648438,-0.18751993775367737,180.2687530517578,0.0,0.14174906412760416,7.5934295654296875,9.751705169677734
screen_mac_0009.jpeg,WhatsApp Image 2026-06-30 at 05.14.20 (2).jpeg,1,screen,mac,24.270265268342893,20.48171987985228,24.01224190716075,0.49584761977525244,119.10147857666016,5.960706771417247,1.1700665950775146,1.0489983558654785,49.321388244628906,44.25416564941406,38.51605987548828,1.1726270914077759,162.68191528320312,0.0030975341796875,0.0253143310546875,1.3420671224594116,19.76262664794922
screen_mac_0010.jpeg,WhatsApp Image 2026-06-30 at 05.14.20.jpeg,1,screen,mac,55.5337832007951,22.279278930928545,34.66543985699985,0.28647927902366366,122.13711547851562,6.490525211008332,1.0657117366790771,0.9477216601371765,29.09872817993164,30.507278442382812,34.05811309814453,1.2779875993728638,146.91131591796875,0.0,0.0,3.2595155239105225,10.093297004699707
screen_mac_0011.jpeg,WhatsApp Image 2026-06-30 at 05.14.21 (1).jpeg,1,screen,mac,16.511284419994677,11.822101888185673,15.509298748428513,0.3344867587644292,38.1964225769043,5.953598040350493,1.1973673105239868,0.9738221764564514,44.68435287475586,49.70204544067383,53.63692092895508,1.121936559677124,87.68572998046875,1.52587890625e-05,0.0003662109375,1.7301349639892578,38.39265060424805
screen_mac_0012.jpeg,WhatsApp Image 2026-06-30 at 05.14.21 (2).jpeg,1,screen,mac,25.212145341504996,18.345353991901693,24.52545986344436,0.3258786772933071,33.546531677246094,6.015085901010045,0.49351537227630615,1.6479178667068481,68.41989135742188,176.76918029785156,29.370176315307617,-1.284083366394043,148.31765747070312,0.0,0.0,0.6470140218734741,79.055419921875
screen_mac_0013.jpeg,WhatsApp Image 2026-06-30 at 05.14.21.jpeg,1,screen,mac,48.48885006174766,13.645413409199994,17.581693236916138,0.27160758138332997,212.1494903564453,6.243742454392795,1.255051612854004,0.9631306529045105,45.177818298339844,71.56340789794922,41.674476623535156,0.43867427110671997,121.4639663696289,0.0,0.00014750162760416666,2.251225709915161,12.406904220581055
screen_mac_0014.jpeg,WhatsApp Image 2026-06-30 at 05.14.22 (1).jpeg,1,screen,mac,308.7687600514238,188.22789491829244,295.29319972281365,0.4479688136897591,38.246665954589844,5.991955278267628,1.0493754148483276,0.9014580845832825,23.69765281677246,43.478851318359375,37.577205657958984,1.1885062456130981,137.20155334472656,0.0,0.0005238850911458334,7.506223201751709,7.510968208312988
screen_mac_0015.jpeg,WhatsApp Image 2026-06-30 at 05.14.22 (2).jpeg,1,screen,mac,36.817319314646255,15.349745664572232,26.12309226135081,0.453568533829267,51.001773834228516,6.26031459831983,1.0771540403366089,1.0404582023620605,19.555728912353516,49.034847259521484,31.50045394897461,0.5970430374145508,103.7760238647461,0.00103759765625,0.0011749267578125,2.237888813018799,4.405533790588379
screen_mac_0016.jpeg,WhatsApp Image 2026-06-30 at 05.14.22 (3).jpeg,1,screen,mac,536.039637751987,249.90193028569942,511.5958420187214,0.24378302709192992,56.68778991699219,6.2169592860781115,0.6515378355979919,0.8424333930015564,66.19571685791016,143.04928588867188,55.4910774230957,-0.31804120540618896,85.5918197631836,0.0,0.0,9.509751319885254,10.362215995788574
screen_mac_0017.jpeg,WhatsApp Image 2026-06-30 at 05.14.22.jpeg,1,screen,mac,21.526159625615463,13.911213856167732,18.198728000415272,0.22407535379675056,103.59585571289062,5.974961084807895,1.0132603645324707,1.0128593444824219,16.97958755493164,26.68023109436035,29.74274444580078,1.5868202447891235,138.2102813720703,0.0,0.0025482177734375,3.8904783725738525,21.589885711669922
screen_mac_0018.jpeg,WhatsApp Image 2026-06-30 at 05.14.23.jpeg,1,screen,mac,29.779626380507633,22.070824616770977,26.90228476592284,0.24200821936152134,105.26083374023438,6.612400574616286,1.1015551090240479,0.9645636081695557,16.896265029907227,34.55241394042969,25.291372299194336,1.2294278144836426,129.77392578125,0.0,0.0,1.2430782318115234,11.847186088562012
screen_op_0001.jpeg,WhatsApp Image 2026-06-30 at 04.29.54.jpeg,1,screen,op,7.127989129469428,7.127989129469428,7.127989129469428,0.32230267434700294,30.641447067260742,5.789096418107005,1.1169430017471313,0.9612998962402344,73.70246124267578,70.00755310058594,55.833404541015625,1.5725433826446533,197.58033752441406,0.0004210220673635308,0.10139372822299651,12.52823257446289,5.125659942626953
screen_op_0002.jpeg,WhatsApp Image 2026-06-30 at 04.29.55.jpeg,1,screen,op,9.279193554110496,9.279193554110496,9.279193554110496,0.3765885337761685,29.622085571289062,5.092773271481718,1.0875256061553955,0.976912796497345,15.313493728637695,26.079456329345703,13.620725631713867,2.9439661502838135,212.20111083984375,0.0,0.004025707186544342,8.839446067810059,19.93283462524414
screen_op_0003.jpeg,WhatsApp Image 2026-06-30 at 04.29.56.jpeg,1,screen,op,9.194359014228311,9.194359014228311,9.194359014228311,0.38597581731368863,40.60472106933594,6.210138065436045,1.31465744972229,0.8283225893974304,88.348388671875,120.02462768554688,72.21469116210938,0.25270071625709534,152.0400848388672,0.00023871527777777777,0.0248046875,12.624444961547852,7.795324325561523
screen_op_0004.jpeg,WhatsApp Image 2026-06-30 at 04.30.05 (1).jpeg,1,screen,op,40.64869799844316,20.75939469660415,32.639315709637124,0.18588060618985836,60.505645751953125,5.985371360593936,1.2479135990142822,0.9112066626548767,41.70157241821289,82.86094665527344,57.46078109741211,0.01802554354071617,130.15802001953125,0.0,0.0,1.855220913887024,17.5881404876709
screen_op_0005.jpeg,WhatsApp Image 2026-06-30 at 04.30.05.jpeg,1,screen,op,14.823336512360788,11.975727868038007,14.616262721887125,0.3892008134991743,67.96095275878906,5.862803499369796,1.008978009223938,0.9728747010231018,13.254510879516602,26.037994384765625,31.10533332824707,1.49749755859375,141.0261688232422,0.0003712972005208333,0.0003712972005208333,1.6620575189590454,4.941206455230713
screen_op_0006.jpeg,WhatsApp Image 2026-06-30 at 04.30.07 (1).jpeg,1,screen,op,35.28444247379333,30.79035898423784,34.38562577588223,0.1465641308985618,81.8730239868164,6.105039083524236,1.0192004442214966,1.0977007150650024,12.268341064453125,23.344711303710938,14.16568660736084,9.142376899719238,243.17225646972656,0.00229257185828877,0.04950179645721925,2.655993700027466,51.9361686706543
screen_op_0007.jpeg,WhatsApp Image 2026-06-30 at 04.30.07.jpeg,1,screen,op,32.10990486274173,19.709127696071906,26.97072837022628,0.32676546755940117,113.39361572265625,6.350840971224564,1.0584313869476318,0.9681171774864197,17.78019905090332,52.1539192199707,55.09906005859375,0.7569708228111267,117.64776611328125,0.0,0.0,3.19974684715271,22.17932891845703
screen_op_0008.jpeg,WhatsApp Image 2026-06-30 at 04.30.08.jpeg,1,screen,op,36.33457846617439,20.888364866823864,34.69751017690038,0.28545390653688324,110.23884582519531,6.267578451927839,1.048728108406067,0.957700788974762,49.892494201660156,66.53654479980469,58.82661056518555,0.9985625743865967,145.5447540283203,0.0,0.0,2.6950314044952393,35.12510299682617
screen_op_0009.jpeg,WhatsApp Image 2026-06-30 at 04.30.09 (1).jpeg,1,screen,op,8.939530805120429,8.939530805120429,8.939530805120429,0.3095527518382061,51.373104095458984,4.59741612543184,1.1431607007980347,0.9563572406768799,39.49009323120117,49.55306625366211,46.22560119628906,1.2488936185836792,214.0198211669922,0.0,0.00407807917888563,9.516219139099121,7.435110092163086
screen_op_0010.jpeg,WhatsApp Image 2026-06-30 at 04.30.09.jpeg,1,screen,op,24.56791830333958,19.564997121677578,23.204300166882458,0.2643038018394217,135.0381622314453,5.907293515001168,1.2425485849380493,0.8054094314575195,62.38728332519531,97.3576889038086,85.79975891113281,0.3258698582649231,137.07667541503906,0.0,0.0,0.9612991809844971,8.28458309173584
screen_op_0011.jpeg,WhatsApp Image 2026-06-30 at 04.30.10 (1).jpeg,1,screen,op,35.31685919150404,22.735460814476074,27.233726960372785,0.3031246068075059,184.6377410888672,6.184484429795923,0.9010709524154663,1.1648253202438354,43.85179138183594,83.22821807861328,56.69536590576172,-0.19787286221981049,147.20068359375,0.0,0.0021158854166666665,0.90480637550354,28.556486129760742
screen_op_0012.jpeg,WhatsApp Image 2026-06-30 at 04.30.10.jpeg,1,screen,op,27.07100475097945,18.522585268270074,22.029477409274506,0.4035983207987039,44.07599639892578,5.470602867261794,0.9798985123634338,0.9966838955879211,44.71466827392578,60.552433013916016,47.70654296875,0.7154415249824524,137.01121520996094,0.0,0.0021260579427083335,0.98683762550354,23.57209587097168
screen_op_0013.jpeg,WhatsApp Image 2026-06-30 at 04.30.11 (1).jpeg,1,screen,op,122.16567016726525,40.574136257800724,90.61346380510913,0.31662138299285464,90.87852478027344,5.26920150969498,1.8179553747177124,1.0462141036987305,86.64776611328125,103.01874542236328,68.62299346923828,-0.059430766850709915,123.4930648803711,0.0,0.10123697916666667,1.0387136936187744,46.569026947021484
screen_op_0014.jpeg,WhatsApp Image 2026-06-30 at 04.30.11 (2).jpeg,1,screen,op,160.95833793574872,60.20767572529181,105.63951126349178,0.3734050395743398,30.563169479370117,5.845808363620684,1.1049152612686157,0.8704515099525452,34.43648147583008,55.635311126708984,24.76313018798828,-0.4890895485877991,127.23119354248047,0.0026194254557291665,0.013132731119791666,2.5678844451904297,14.453107833862305
screen_op_0015.jpeg,WhatsApp Image 2026-06-30 at 04.30.11.jpeg,1,screen,op,93.74061967338919,37.77501647986924,66.2132365258962,0.28354419155767224,108.35108184814453,6.206924112381258,1.1655657291412354,1.0078463554382324,49.825172424316406,46.51552963256836,55.971336364746094,1.1770137548446655,166.38461303710938,0.0008748372395833334,0.0032857259114583335,3.0794034004211426,12.8666410446167
screen_op_0016.jpeg,WhatsApp Image 2026-06-30 at 04.30.12 (1).jpeg,1,screen,op,84.68603258910403,39.430284010265744,59.24440702477847,0.31505418032981125,65.0167236328125,6.420209086424126,1.0213624238967896,0.9578341245651245,12.416406631469727,23.5687313079834,23.1418399810791,3.333055257797241,144.89508056640625,0.0,0.0,9.875926971435547,6.200845718383789
screen_op_0017.jpeg,WhatsApp Image 2026-06-30 at 04.30.12 (2).jpeg,1,screen,op,28.57592666583331,24.828512362175246,27.236339827171822,0.2979421588783416,123.64634704589844,5.344666034364198,1.0046906471252441,0.9711640477180481,16.433271408081055,24.994216918945312,21.614063262939453,1.2391000986099243,147.5325469970703,0.0,0.0002288818359375,0.6153053045272827,7.430891036987305
screen_op_0018.jpeg,WhatsApp Image 2026-06-30 at 04.30.12.jpeg,1,screen,op,19.071421994589514,10.843532626047434,16.03912218929927,0.1559194515523228,117.00877380371094,6.476126817686733,1.05366849899292,0.5174104571342468,55.994110107421875,148.35279846191406,62.47724533081055,-0.4323286712169647,109.8208999633789,0.0008188883463541666,0.009089152018229166,4.530330657958984,10.76347827911377
screen_op_0019.jpeg,WhatsApp Image 2026-06-30 at 04.30.13 (1).jpeg,1,screen,op,24.256144148565063,17.036361971927803,23.99804366137777,0.19104216648409,132.5191650390625,6.678841347227337,1.1422384977340698,0.7854903936386108,65.0933837890625,97.81775665283203,84.5520248413086,0.4743851125240326,141.49713134765625,0.0012359619140625,0.007222493489583333,7.349132061004639,9.188638687133789
screen_op_0020.jpeg,WhatsApp Image 2026-06-30 at 04.30.13.jpeg,1,screen,op,296.0835393521063,142.78351671241833,224.50451302715285,0.33975635093921175,87.4931640625,6.497360918080723,0.9820955991744995,0.8236504197120667,61.188053131103516,88.6302261352539,64.61560821533203,0.8023483157157898,113.12515258789062,4.0690104166666664e-05,0.00016276041666666666,8.806666374206543,7.52783203125
